[
  {
    "id": "0712afbb-063d-4a61-93d5-b7a546c44750",
    "data": [
      {
        "text": "I want to change my name on my hotel reservation.",
        "userDefined": false
      }
    ],
    "isTemplate": false,
    "count": 0,
    "lang": "en",
    "updated": 0
  },
  {
    "id": "5a552633-ba02-4003-a644-63c81c443dbf",
    "data": [
      {
        "text": "I need to change my name on the booking.",
        "userDefined": false
      }
    ],
    "isTemplate": false,
    "count": 0,
    "lang": "en",
    "updated": 0
  },
  {
    "id": "f3f47c7c-e48d-4c92-81c3-cd0ebd01bab2",
    "data": [
      {
        "text": "Can I change my name on my reservation?",
        "userDefined": false
      }
    ],
    "isTemplate": false,
    "count": 0,
    "lang": "en",
    "updated": 0
  },
  {
    "id": "1c6384da-fd4d-47c1-808d-6cabce50c289",
    "data": [
      {
        "text": "I want to change my name on my itinerary.",
        "userDefined": false
      }
    ],
    "isTemplate": false,
    "count": 0,
    "lang": "en",
    "updated": 0
  }
]