[
  {
    "id": "a4700b58-835c-4252-8fac-513daa1786ee",
    "data": [
      {
        "text": "mary",
        "meta": "@sys.given-name",
        "alias": "given-name",
        "userDefined": false
      }
    ],
    "isTemplate": false,
    "count": 1,
    "lang": "en",
    "updated": 0
  },
  {
    "id": "15303088-61d5-49fd-9ddc-cf9aaeb559db",
    "data": [
      {
        "text": "john",
        "meta": "@sys.given-name",
        "alias": "given-name",
        "userDefined": false
      }
    ],
    "isTemplate": false,
    "count": 0,
    "lang": "en",
    "updated": 0
  },
  {
    "id": "03dc63a5-903f-4cff-89ca-cf5d6399f254",
    "data": [
      {
        "text": "sam",
        "meta": "@sys.given-name",
        "alias": "given-name",
        "userDefined": false
      }
    ],
    "isTemplate": false,
    "count": 0,
    "lang": "en",
    "updated": 0
  }
]