[
  {
    "id": "73bb8130-8138-4a82-9dce-0eedd2477865",
    "data": [
      {
        "text": "I have a problem",
        "userDefined": false
      }
    ],
    "isTemplate": false,
    "count": 0,
    "lang": "en",
    "updated": 0
  },
  {
    "id": "d4b5fa26-d5ad-4add-a792-3ca52c602724",
    "data": [
      {
        "text": "I want to submit a ticket",
        "userDefined": false
      }
    ],
    "isTemplate": false,
    "count": 0,
    "lang": "en",
    "updated": 0
  },
  {
    "id": "fa90e27d-280d-4fda-8f7c-e44f3f797861",
    "data": [
      {
        "text": "Issue",
        "userDefined": false
      }
    ],
    "isTemplate": false,
    "count": 0,
    "lang": "en",
    "updated": 0
  },
  {
    "id": "9a14ba59-9a10-4b85-ba99-ace2c6574238",
    "data": [
      {
        "text": "Problem",
        "userDefined": false
      }
    ],
    "isTemplate": false,
    "count": 0,
    "lang": "en",
    "updated": 0
  },
  {
    "id": "7eee2f7d-7e1d-4829-ad3e-6f6b76d525bd",
    "data": [
      {
        "text": "Submit ticket",
        "userDefined": false
      }
    ],
    "isTemplate": false,
    "count": 0,
    "lang": "en",
    "updated": 0
  },
  {
    "id": "469a031e-52a8-4cb1-b6de-11c755733ddc",
    "data": [
      {
        "text": "Ticket",
        "userDefined": false
      }
    ],
    "isTemplate": false,
    "count": 0,
    "lang": "en",
    "updated": 0
  }
]