[
  {
    "id": "2c782dcf-ec0e-42fd-8187-f23ab19a2d35",
    "data": [
      {
        "text": "My name is ",
        "userDefined": false
      },
      {
        "text": "Lily",
        "meta": "@sys.person",
        "alias": "person",
        "userDefined": false
      }
    ],
    "isTemplate": false,
    "count": 0,
    "lang": "en",
    "updated": 0
  },
  {
    "id": "be381f96-9ff8-43af-ac96-2a35368833b1",
    "data": [
      {
        "text": "I am ",
        "userDefined": false
      },
      {
        "text": "bob",
        "meta": "@sys.person",
        "alias": "person",
        "userDefined": false
      }
    ],
    "isTemplate": false,
    "count": 0,
    "lang": "en",
    "updated": 0
  }
]