[
  {
    "id": "83547202-0de8-4c5c-bb60-831c7800179a",
    "data": [
      {
        "text": "My phone screen is broken",
        "userDefined": false
      }
    ],
    "isTemplate": false,
    "count": 1,
    "lang": "en",
    "updated": 0
  },
  {
    "id": "c618a166-4128-47d5-9c77-27d0767ff862",
    "data": [
      {
        "text": "Nothing works",
        "userDefined": false
      }
    ],
    "isTemplate": false,
    "count": 0,
    "lang": "en",
    "updated": 0
  },
  {
    "id": "23f887ca-f297-4a88-b629-ca5c2383acdc",
    "data": [
      {
        "text": "My laptop won\u0027t start",
        "userDefined": false
      }
    ],
    "isTemplate": false,
    "count": 0,
    "lang": "en",
    "updated": 0
  },
  {
    "id": "a7edff01-8481-4222-8f16-f6336b2153ae",
    "data": [
      {
        "text": "Everything is hosed",
        "userDefined": false
      }
    ],
    "isTemplate": false,
    "count": 0,
    "lang": "en",
    "updated": 0
  }
]